WORD_ID,VOCAB_WORD
0,http
1,use
2,list
3,email
4,get
5,mail
6,one
7,free
8,time
9,work
10,messag
11,make
12,like
13,would
14,peopl
15,inform
16,new
17,receiv
18,pleas
19,busi
20,address
21,click
22,want
23,us
24,need
25,order
26,remov
27,also
28,go
29,send
30,year
31,money
32,file
33,compani
34,system
35,name
36,report
37,wrote
38,way
39,user
40,look
41,site
42,chang
43,day
44,state
45,know
46,program
47,may
48,see
49,call
50,could
51,group
52,even
53,think
54,includ
55,linux
56,first
57,offer
58,take
59,say
60,servic
61,right
62,world
63,tri
64,help
65,find
66,internet
67,market
68,product
69,mani
70,much
71,home
72,said
73,softwar
74,web
75,problem
76,date
77,line
78,spam
79,check
80,start
81,number
82,run
83,good
84,thing
85,link
86,well
87,subject
88,phone
89,interest
90,govern
91,person
92,provid
93,set
94,today
95,come
96,give
97,best
98,million
99,server
100,follow
101,back
102,form
103,rate
104,month
105,everi
106,secur
107,gener
108,price
109,url
110,still
111,comput
112,packag
113,instal
114,avail
115,sent
116,code
117,commun
118,life
119,version
120,read
121,sinc
122,ad
123,grant
124,maintain
125,sponsor
126,thank
127,network
128,two
129,credit
130,differ
131,without
132,made
133,develop
134,support
135,within
136,week
137,write
138,save
139,realli
140,case
141,page
142,subscript
143,someth
144,irish
145,current
146,un
147,last
148,anyon
149,onlin
150,complet
151,sure
152,requir
153,card
154,seem
155,build
156,custom
157,manag
158,never
159,de
160,ilug
161,better
162,special
163,window
164,keep
165,point
166,ca
167,place
168,search
169,anoth
170,per
171,found
172,access
173,actual
174,repli
175,result
176,contact
177,question
178,part
179,base
180,listmast
181,futur
182,issu
183,old
184,put
185,wish
186,next
187,long
188,let
189,countri
190,live
191,hour
192,must
193,end
194,invest
195,process
196,mean
197,easi
198,unsubscrib
199,lot
200,unit
201,great
202,got
203,guarante
204,nation
205,account
206,show
207,technolog
208,might
209,power
210,releas
211,legal
212,cost
213,data
214,allow
215,sourc
216,success
217,news
218,engin
219,possibl
220,trade
221,profession
222,idea
223,post
224,increas
225,pay
226,ask
227,advertis
228,public
229,error
230,open
231,websit
232,test
233,opportun
234,real
235,sell
236,ever
237,less
238,respons
239,insur
240,plan
241,design
242,tell
243,visit
244,creat
245,word
246,buy
247,howev
248,prefer
249,reason
250,heaven
251,someon
252,effect
253,aug
254,cd
255,sale
256,law
257,applic
258,improv
259,around
260,instead
261,fact
262,least
263,box
264,dollar
265,ye
266,rpm
267,american
268,fix
269,job
270,copi
271,probabl
272,simpl
273,origin
274,cours
275,believ
276,contain
277,fax
278,move
279,type
280,happen
281,friend
282,though
283,littl
284,total
285,financi
286,welcom
287,share
288,request
289,add
290,exampl
291,els
292,abl
293,client
294,format
295,perl
296,anyth
297,valu
298,alway
299,simpli
300,alreadi
301,high
302,fill
303,protect
304,full
305,cash
306,feel
307,mailto
308,directori
309,import
310,regard
311,bit
312,purchas
313,stop
314,licens
315,signatur
316,note
317,experi
318,polici
319,intern
320,answer
321,exist
322,return
323,updat
324,past
325,learn
326,famili
327,info
328,sep
329,top
330,geek
331,ship
332,becom
333,act
334,age
335,instruct
336,lead
337,drive
338,small
339,suppli
340,control
341,second
342,member
343,databas
344,low
345,select
346,thousand
347,recent
348,incom
349,featur
350,citi
351,etc
352,stuff
353,minut
354,limit
355,done
356,yet
357,industri
358,sever
359,turn
360,appli
361,folder
362,tool
363,continu
364,understand
365,c
366,detail
367,guid
368,everyth
369,noth
370,step
371,exmh
372,notic
373,oper
374,enough
375,big
376,claim
377,care
378,e
379,sign
380,caus
381,letter
382,univers
383,larg
384,key
385,three
386,hard
387,thinkgeek
388,other
389,connect
390,bill
391,record
392,discuss
393,accept
394,thu
395,term
396,offic
397,play
398,specif
399,pgp
400,via
401,talk
402,text
403,option
404,america
405,mayb
406,direct
407,deal
408,immedi
409,download
410,major
411,seen
412,forc
413,hope
414,subscrib
415,comment
416,thought
417,kind
418,individu
419,decid
420,rule
421,plu
422,log
423,lose
424,method
425,natur
426,matter
427,risk
428,either
429,true
430,yahoo
431,rememb
432,assist
433,content
434,quot
435,rather
436,present
437,mime
438,away
439,wait
440,r
441,bank
442,fund
443,kernel
444,hand
445,local
446,project
447,secret
448,hundr
449,loan
450,matthia
451,level
452,train
453,corpor
454,consid
455,research
456,area
457,razor
458,forward
459,august
460,book
461,addit
462,root
463,stori
464,machin
465,polit
466,standard
467,target
468,bad
469,benefit
470,quit
471,war
472,entir
473,suggest
474,copyright
475,appear
476,document
477,bodi
478,presid
479,global
480,author
481,bug
482,posit
483,often
484,expect
485,center
486,mind
487,human
488,distribut
489,juli
490,septemb
491,grow
492,jul
493,ago
494,qualiti
495,hit
496,trust
497,size
498,partner
499,easili
500,island
501,absolut
502,whether
503,pm
504,agent
505,love
506,activ
507,join
508,b
509,given
510,collect
511,involv
512,solut
513,amount
514,happi
515,fast
516,associ
517,charg
518,domain
519,man
520,promot
521,whole
522,dvd
523,sort
524,far
525,earn
526,fork
527,parti
528,later
529,feder
530,hi
531,submit
532,mortgag
533,upon
534,wed
535,potenti
536,meet
537,refer
538,wrong
539,nice
540,enter
541,tm
542,load
543,singl
544,wonder
545,almost
546,transact
547,publish
548,econom
549,john
550,social
551,red
552,discov
553,reach
554,everyon
555,close
556,view
557,fail
558,pass
559,execut
560,sound
561,depend
562,privat
563,perform
564,women
565,profit
566,attack
567,broadcast
568,newslett
569,paid
570,automat
571,relat
572,statement
573,effort
574,contract
575,delet
576,mark
577,media
578,foreign
579,begin
580,compil
581,final
582,sequenc
583,miss
584,regist
585,bush
586,spamassassin
587,x
588,cell
589,figur
590,stock
591,handl
592,command
593,header
594,similar
595,locat
596,action
597,pick
598,tuesday
599,display
600,game
601,templ
602,transfer
603,disk
604,hat
605,wo
606,chri
607,produc
608,digit
609,soon
610,event
611,known
612,track
613,print
614,articl
615,longer
616,tax
617,properti
618,function
619,pretti
620,mention
621,toner
622,commiss
623,men
624,default
625,dear
626,store
627,pc
628,debt
629,hous
630,oblig
631,upgrad
632,microsoft
633,respect
634,sun
635,organ
636,script
637,due
638,imag
639,enenkio
640,bulk
641,weight
642,administr
643,payment
644,freedom
645,health
646,daili
647,along
648,practic
649,bonu
650,net
651,propos
652,half
653,capit
654,billion
655,worth
656,offici
657,cartridg
658,usa
659,languag
660,resourc
661,strategi
662,came
663,leav
664,late
665,anyway
666,platform
667,concern
668,exactli
669,street
670,remain
671,clear
672,html
673,assum
674,devic
675,car
676,lost
677,la
678,ok
679,review
680,tire
681,ignor
682,tue
683,head
684,interact
685,n
686,went
687,hear
688,respond
689,taken
690,tablet
691,deliv
692,independ
693,perhap
694,bring
695,clean
696,configur
697,compar
698,qualifi
699,averag
700,press
701,space
702,watch
703,fine
704,invok
705,retail
706,recommend
707,school
708,expens
709,short
710,fee
711,enabl
712,membership
713,fall
714,field
715,host
716,memori
717,guess
718,huge
719,consult
720,edit
721,extrem
722,suit
723,usual
724,xml
725,choos
726,agre
727,advantag
728,except
729,warn
730,common
731,port
732,en
733,normal
734,materi
735,region
736,educ
737,abil
738,side
739,fri
740,basic
741,announc
742,five
743,le
744,guy
745,item
746,although
747,told
748,dream
749,paper
750,drop
751,cheer
752,growth
753,main
754,vulner
755,readi
756,spend
757,hold
758,win
759,model
760,confidenti
761,electron
762,replac
763,face
764,left
765,interfac
766,unseen
767,studi
768,reserv
769,mon
770,loss
771,altern
772,intend
773,accord
774,kingdom
775,safe
776,choic
777,approv
778,implement
779,rest
780,oz
781,id
782,histori
783,multipl
784,situat
785,commerci
786,moment
787,extra
788,chanc
789,insid
790,combin
791,section
792,quick
793,investig
794,togeth
795,employ
796,initi
797,purpos
798,pictur
799,coupl
800,goe
801,msg
802,advanc
803,confirm
804,unless
805,across
806,avoid
807,monday
808,break
809,util
810,j
811,court
812,object
813,particular
814,fals
815,burn
816,energi
817,score
818,express
819,india
820,et
821,video
822,male
823,societi
824,took
825,indic
826,owner
827,sens
828,count
829,p
830,correct
831,filter
832,speed
833,agenc
834,directli
835,four
836,anywher
837,procedur
838,die
839,profil
840,variou
841,uniqu
842,ventur
843,period
844,gpl
845,especi
846,match
847,black
848,cut
849,seek
850,kevin
851,sex
852,consum
853,piec
854,spammer
855,whatev
856,behalf
857,certain
858,investor
859,explain
860,knowledg
861,class
862,adam
863,popul
864,setup
865,color
866,latest
867,gain
868,tip
869,oh
870,remot
871,militari
872,unison
873,atol
874,dagga
875,ftp
876,block
877,unix
878,lawrenc
879,south
880,googl
881,gari
882,marshal
883,tv
884,patch
885,valuabl
886,team
887,shop
888,establish
889,switch
890,smoke
891,ragga
892,aaaaaaaaaaaaaaaaaaaaaaaaaaaaaaaaaaaaaaaaaaaaaaaaaaaaaaaaaaaaaaaaaaaaaaaaaaaa
893,java
894,imagin
895,integr
896,prevent
897,robert
898,attempt
899,boot
900,prepar
901,third
902,folk
903,particip
904,will
905,privaci
906,necessari
907,sometim
908,hardwar
909,heard
910,sorri
911,manual
912,york
913,saou
914,congress
915,reduc
916,screen
917,bottl
918,tag
919,fastest
920,sa
921,night
922,china
923,certainli
924,valid
925,enjoy
926,cover
927,depart
928,backup
929,suppos
930,stand
931,obtain
932,path
933,mass
934,driver
935,alb
936,seriou
937,regul
938,goal
939,botan
940,amaz
941,competit
942,lower
943,capabl
944,fulli
945,speak
946,land
947,h
948,promis
949,medic
950,poor
951,scienc
952,extend
953,lowest
954,introduc
955,deathtospamdeathtospamdeathtospam
956,traffic
957,apolog
958,defin
959,describ
960,movi
961,paul
962,troubl
963,titl
964,neg
965,film
966,cv
967,exchang
968,easier
969,osdn
970,decis
971,rang
972,sender
973,f
974,os
975,wireless
976,technic
977,approach
978,death
979,murphi
980,earli
981,six
982,predict
983,beberg
984,white
985,quickli
986,fat
987,fortun
988,commit
989,redhat
990,written
991,sold
992,im
993,king
994,telephon
995,worri
996,kill
997,ham
998,michael
999,firm
1000,seventh
1001,uk
1002,apt
1003,judgment
1004,music
1005,mobil
1006,attach
1007,north
1008,opinion
1009,economi
1010,ensur
1011,desir
1012,premium
1013,father
1014,player
1015,definit
1016,librari
1017,faster
1018,archiv
1019,achiev
1020,button
1021,appar
1022,adult
1023,argument
1024,bar
1025,techniqu
1026,enterpris
1027,separ
1028,travel
1029,demand
1030,threat
1031,cooper
1032,board
1033,deserv
1034,browser
1035,outsid
1036,condit
1037,anim
1038,hello
1039,modul
1040,dave
1041,enhanc
1042,estat
1043,elimin
1044,attent
1045,terrorist
1046,stay
1047,wide
1048,david
1049,wall
1050,repres
1051,children
1052,determin
1053,pain
1054,expert
1055,drug
1056,cabl
1057,virtual
1058,kid
1059,modifi
1060,washington
1061,held
1062,declar
1063,gnupg
1064,monthli
1065,sincer
1066,environ
1067,permiss
1068,fun
1069,signific
1070,danger
1071,iii
1072,relev
1073,w
1074,l
1075,g
1076,confid
1077,sum
1078,rich
1079,air
1080,canada
1081,diet
1082,programm
1083,cat
1084,equip
1085,cc
1086,none
1087,exclus
1088,popular
1089,forev
1090,proven
1091,justin
1092,bitbitch
1093,excel
1094,bottom
1095,usd
1096,expand
1097,paragraph
1098,central
1099,factor
1100,string
1101,centuri
1102,skip
1103,sexual
1104,friday
1105,near
1106,identifi
1107,relationship
1108,challeng
1109,monitor
1110,anybodi
1111,appreci
1112,asset
1113,toward
1114,terror
1115,excit
1116,director
1117,behind
1118,confer
1119,exercis
1120,perfect
1121,girl
1122,citizen
1123,rh
1124,progress
1125,rais
1126,discoveri
1127,unsolicit
1128,among
1129,whose
1130,defens
1131,sampl
1132,rel
1133,hettinga
1134,road
1135,fit
1136,difficult
1137,west
1138,thread
1139,spain
1140,colleg
1141,lender
1142,illeg
1143,intellig
1144,partit
1145,entri
1146,photo
1147,serv
1148,chief
1149,tie
1150,reader
1151,confus
1152,william
1153,earth
1154,seri
1155,solv
1156,strong
1157,acquir
1158,octob
1159,measur
1160,largest
1161,smart
1162,tree
1163,stupid
1164,refin
1165,instant
1166,verifi
1167,european
1168,fair
1169,french
1170,extract
1171,san
1172,mode
1173,equival
1174,peac
1175,regular
1176,built
1177,sweet
1178,resid
1179,laptop
1180,reliabl
1181,mac
1182,slow
1183,conveni
1184,procmail
1185,lock
1186,oct
1187,datapow
1188,suse
1189,tradit
1190,brian
1191,dead
1192,inlin
1193,categori
1194,front
1195,warranti
1196,tim
1197,graphic
1198,africa
1199,deliveri
1200,leader
1201,cach
1202,voic
1203,ident
1204,europ
1205,annuiti
1206,useless
1207,evid
1208,ten
1209,emerg
1210,capillari
1211,pattern
1212,femal
1213,realiz
1214,campaign
1215,occur
1216,compat
1217,art
1218,gnu
1219,statu
1220,desktop
1221,fire
1222,gift
1223,therefor
1224,abus
1225,young
1226,cultur
1227,herba
1228,higher
1229,revenu
1230,previous
1231,institut
1232,physic
1233,concept
1234,satellit
1235,launch
1236,june
1237,thursday
1238,brand
1239,convers
1240,inde
1241,aid
1242,deposit
1243,walk
1244,contribut
1245,degre
1246,doubt
1247,roll
1248,otherwis
1249,ms
1250,nigeria
1251,concentr
1252,classifi
1253,indian
1254,unlimit
1255,carri
1256,repositori
1257,wife
1258,former
1259,weapon
1260,pacif
1261,honor
1262,compet
1263,echo
1264,arriv
1265,background
1266,forget
1267,yeah
1268,conflict
1269,listen
1270,fight
1271,critic
1272,affili
1273,recipi
1274,token
1275,surpris
1276,extens
1277,storag
1278,app
1279,sat
1280,powel
1281,tech
1282,discount
1283,unfortun
1284,isp
1285,percent
1286,password
1287,hermio
1288,water
1289,sit
1290,effici
1291,sleep
1292,jabber
1293,hot
1294,basi
1295,detect
1296,civil
1297,assur
1298,succeed
1299,garrigu
1300,intro
1301,panel
1302,output
1303,kept
1304,substanti
1305,printer
1306,alsa
1307,light
1308,pull
1309,worldwid
1310,ip
1311,attract
1312,catch
1313,scan
1314,menu
1315,proprietari
1316,descript
1317,jm
1318,mine
1319,enemi
1320,tabl
1321,inc
1322,joe
1323,index
1324,revers
1325,disabl
1326,nobodi
1327,saw
1328,advic
1329,v
1330,pudg
1331,god
1332,truth
1333,wednesday
1334,patent
1335,gone
1336,agreement
1337,analysi
1338,manufactur
1339,euro
1340,vendor
1341,seven
1342,structur
1343,morn
1344,cool
1345,vote
1346,lack
1347,alon
1348,specifi
1349,franc
1350,room
1351,decad
1352,teach
1353,jame
1354,k
1355,balanc
1356,obvious
1357,whitelist
1358,boston
1359,california
1360,wast
1361,awar
1362,charact
1363,editor
1364,gold
1365,construct
1366,treat
1367,innov
1368,zip
1369,polic
1370,highli
1371,u
1372,temperatur
1373,journal
1374,theori
1375,ga
1376,career
1377,tom
1378,clue
1379,trick
1380,financ
1381,insert
1382,son
1383,touch
1384,flag
1385,int
1386,gcc
1387,spec
1388,middl
1389,incred
1390,ultim
1391,greater
1392,afford
1393,impress
1394,constitut
1395,encourag
1396,cent
1397,attorney
1398,anymor
1399,ebay
1400,peni
1401,brain
1402,usag
1403,correspond
1404,boy
1405,jim
1406,dan
1407,wake
1408,mother
1409,hp
1410,blood
1411,greg
1412,larger
1413,master
1414,annual
1415,trial
1416,blank
1417,mechan
1418,input
1419,summari
1420,previou
1421,el
1422,urgent
1423,stream
1424,hate
1425,mike
1426,suffer
1427,cbyi
1428,democrat
1429,advis
1430,perman
1431,cheap
1432,pound
1433,focu
1434,skeptic
1435,php
1436,varieti
1437,star
1438,judg
1439,mostli
1440,smtp
1441,suspect
1442,speech
1443,underwrit
1444,particularli
1445,flow
1446,vacat
1447,obviou
1448,delay
1449,dynam
1450,percentag
1451,mistak
1452,wealth
1453,instanc
1454,behavior
1455,warm
1456,comfort
1457,destruct
1458,dark
1459,earlier
1460,super
1461,binari
1462,toni
1463,eye
1464,keyboard
1465,republ
1466,rick
1467,affect
1468,laserjet
1469,firewal
1470,ireland
1471,mailer
1472,telecom
1473,channel
1474,arm
1475,ban
1476,woman
1477,termin
1478,reveal
1479,rock
1480,se
1481,motiv
1482,english
1483,rss
1484,char
1485,knew
1486,essenti
1487,tend
1488,heart
1489,steve
1490,consolid
1491,skill
1492,consist
1493,alli
1494,recogn
1495,principl
1496,btw
1497,domest
1498,prospect
1499,floppi
1500,vipul
1501,prompt
1502,beta
1503,lawyer
1504,estim
1505,pack
1506,core
1507,highlight
1508,style
1509,wing
1510,defend
1511,unlik
1512,lifetim
1513,somewher
1514,nearli
1515,dell
1516,opt
1517,eventu
1518,magazin
1519,pipe
1520,bonus
1521,gnome
1522,invit
1523,role
1524,fl
1525,task
1526,staff
1527,beat
1528,sensit
1529,vehicl
1530,ftoc
1531,planta
1532,comprehens
1533,modem
1534,map
1535,ground
1536,modern
1537,food
1538,clearli
1539,hair
1540,python
1541,eat
1542,babi
1543,march
1544,dn
1545,roman
1546,biggest
1547,despit
1548,audio
1549,pocket
1550,histor
1551,restor
1552,teledynam
1553,complianc
1554,favor
1555,impact
1556,strongli
1557,fresh
1558,strength
1559,picasso
1560,suck
1561,revis
1562,eval
1563,commentari
1564,convert
1565,bind
1566,interview
1567,mlm
1568,dragon
1569,shown
1570,exploit
1571,minimum
1572,met
1573,coverag
1574,senior
1575,conserv
1576,british
1577,config
1578,peter
1579,everybodi
1580,font
1581,instantli
1582,mailbox
1583,beyond
1584,permit
1585,gave
1586,protocol
1587,employe
1588,liber
1589,dont
1590,truli
1591,failur
1592,doctor
1593,texa
1594,equal
1595,spot
1596,stabl
1597,mile
1598,synchron
1599,reli
1600,q
1601,tape
1602,consider
1603,optim
1604,auto
1605,tx
1606,typic
1607,brought
1608,visa
1609,signal
1610,startup
1611,al
1612,variabl
1613,showcas
1614,calcul
1615,crash
1616,worst
1617,draw
1618,led
1619,translat
1620,revok
1621,dial
1622,expir
1623,chines
1624,exact
1625,proper
1626,distanc
1627,geeg
1628,plant
1629,imposs
1630,finish
1631,evil
1632,crimin
1633,yesterday
1634,boss
1635,favorit
1636,hidden
1637,neighbor
1638,spent
1639,extern
1640,stylu
1641,broker
1642,annoy
1643,prove
1644,pop
1645,sole
1646,z
1647,sir
1648,foundat
1649,feet
1650,repair
1651,retriev
1652,bearer
1653,ran
1654,rare
1655,bigger
1656,netscap
1657,acknowledg
1658,strang
1659,artist
1660,planet
1661,properli
1662,hack
1663,autom
1664,hell
1665,scientist
1666,evalu
1667,sport
1668,portion
1669,edward
1670,rob
1671,equiti
1672,safeti
1673,beauti
1674,somebodi
1675,england
1676,rebuild
1677,hotel
1678,guidelin
1679,poverti
1680,serious
1681,summer
1682,explor
1683,sunday
1684,iiu
1685,climat
1686,chicago
1687,gentl
1688,ii
1689,jump
1690,scheme
1691,prescript
1692,antiqu
1693,bell
1694,restrict
1695,lie
1696,station
1697,correctli
1698,hire
1699,spread
1700,push
1701,strip
1702,minor
1703,fundament
1704,para
1705,currenc
1706,lo
1707,radio
1708,threaten
1709,primari
1710,vou
1711,epson
1712,shape
1713,student
1714,entertain
1715,mount
1716,headlin
1717,diseas
1718,recruit
1719,becam
1720,seed
1721,proxi
1722,husband
1723,mainten
1724,architectur
1725,resum
1726,spamd
1727,merchant
1728,happier
1729,recal
1730,laser
1731,hang
1732,damag
1733,protest
1734,herb
1735,craig
1736,feroc
1737,vast
1738,buyer
1739,plug
1740,sendmail
1741,doubl
1742,viagra
1743,van
1744,stick
1745,prioriti
1746,disclaim
1747,remedi
1748,muscl
1749,exit
1750,corpu
1751,settlement
1752,wors
1753,angl
1754,ssh
1755,laugh
1756,camera
1757,georg
1758,hall
1759,ticket
1760,luck
1761,prior
1762,fantasi
1763,dozen
1764,reg
1765,green
1766,faith
1767,western
1768,creativ
1769,somehow
1770,moor
1771,disappear
1772,feedback
1773,pour
1774,seminar
1775,supplement
1776,broken
1777,anonym
1778,usb
1779,reject
1780,child
1781,batteri
1782,aspect
1783,oil
1784,feed
1785,tel
1786,bother
1787,hormon
1788,realiti
1789,norton
1790,kathmandu
1791,symbol
1792,acceler
1793,authent
1794,democraci
1795,substanc
1796,allianc
1797,argu
1798,parent
1799,committe
1800,encrypt
1801,shall
1802,shot
1803,eugen
1804,perfectli
1805,appeal
1806,doc
1807,entrepreneur
1808,arrang
1809,convent
1810,neither
1811,serial
1812,slightli
1813,funni
1814,electr
1815,legitim
1816,phrase
1817,à
1818,convinc
1819,sponsorship
1820,shock
1821,statist
1822,park
1823,observ
1824,mozilla
1825,random
1826,solari
1827,queri
1828,ie
1829,nort
1830,door
1831,east
1832,auction
1833,frame
1834,award
1835,barcelona
1836,refund
1837,appropri
1838,hey
1839,edificio
1840,resolv
1841,highest
1842,strictli
1843,edg
1844,merg
1845,meant
1846,empir
1847,hunt
1848,surviv
1849,pressur
1850,kelli
1851,damn
1852,survey
1853,stabil
1854,aphrodisia
1855,capac
1856,tomorrow
1857,postal
1858,lesson
1859,fear
1860,daniel
1861,union
1862,repeat
1863,smaller
1864,carrier
1865,bear
1866,volum
1867,pablo
1868,alter
1869,farquhar
1870,declin
1871,twice
1872,mason
1873,virus
1874,arrest
1875,strike
1876,owen
1877,te
1878,bought
1879,aggress
1880,banner
1881,weekend
1882,mr
1883,trip
1884,herbal
1885,amend
1886,fairli
1887,odd
1888,welch
1889,easiest
1890,harm
1891,race
1892,licenc
1893,promiscu
1894,violat
1895,nt
1896,duplic
1897,appl
1898,prosaka
1899,inbox
1900,complain
1901,januari
1902,exclud
1903,compon
1904,ah
1905,cold
1906,winner
1907,cancel
1908,gmt
1909,zero
1910,testimoni
1911,deni
1912,md
1913,pill
1914,genet
1915,mh
1916,algorithm
1917,farm
1918,vari
1919,honest
1920,bunch
1921,viru
1922,mirror
1923,formula
1924,nativ
1925,debian
1926,scam
1927,bandwidth
1928,hmm
1929,reduct
1930,ratio
1931,presum
1932,spray
1933,round
1934,blog
1935,audienc
1936,reboot
1937,bankruptci
1938,possess
1939,martin
1940,brief
1941,gay
1942,precis
1943,iraq
1944,â
1945,partnership
1946,vjestika
1947,tab
1948,gibbon
1949,label
1950,elsewher
1951,austin
1952,approxim
1953,compens
1954,renew
1955,split
1956,sea
1957,analyst
1958,club
1959,porn
1960,weekli
1961,deploy
1962,reward
1963,envelop
1964,processor
1965,saturday
1966,roger
1967,buffer
1968,gordon
1969,msgid
1970,blue
1971,mous
1972,grand
1973,dramat
1974,invent
1975,lift
1976,massiv
1977,plugin
1978,ps
1979,agreeabl
1980,rohit
1981,inspir
1982,inconveni
1983,aol
1984,collabor
1985,complex
1986,nvidia
1987,dig
1988,anytim
1989,cancer
1990,flash
1991,religion
1992,retir
1993,empti
1994,infrastructur
1995,adopt
1996,writer
1997,fuck
1998,prohibit
1999,engag
2000,apart
2001,that
2002,millionair
2003,environment
2004,ibm
2005,sm
2006,shell
2007,conduct
2008,length
2009,harley
2010,northern
2011,satisfi
2012,african
2013,plenti
2014,cycl
2015,ministri
2016,solicit
2017,assembl
2018,justic
2019,thoma
2020,schedul
2021,henc
2022,acquisit
2023,self
2024,swap
2025,experienc
2026,enforc
2027,excess
2028,own
2029,farmer
2030,candid
2031,onto
2032,mere
2033,clock
2034,distro
2035,img
2036,rout
2037,began
2038,bound
2039,duncan
2040,rose
2041,encount
2042,attend
2043,elect
2044,evolv
2045,scale
2046,throw
2047,transform
2048,demonstr
2049,televis
2050,minim
2051,registr
2052,grab
2053,conclud
2054,newspap
2055,liter
2056,homeown
2057,london
2058,prosper
2059,deep
2060,russian
2061,domin
2062,famou
2063,straight
2064,pointer
2065,guido
2066,kate
2067,wholesal
2068,lawsuit
2069,niall
2070,oppos
2071,toll
2072,preserv
2073,murder
2074,boost
2075,receipt
2076,hors
2077,context
2078,christian
2079,chat
2080,colleagu
2081,buck
2082,glad
2083,rank
2084,wave
2085,unabl
2086,mix
2087,religi
2088,assert
2089,da
2090,proof
2091,russia
2092,attain
2093,routin
2094,resel
2095,skin
2096,crime
2097,loop
2098,co
2099,blame
2100,remark
2101,entiti
2102,valhalla
2103,corrupt
2104,asia
2105,brent
2106,tune
2107,abacha
2108,mathemat
2109,glm
2110,webmast
2111,moral
2112,replica
2113,destroy
2114,accur
2115,newsgroup
2116,scientif
2117,vircio
2118,numer
2119,passphras
2120,inkjet
2121,habea
2122,tast
2123,forest
2124,icq
2125,marshalles
2126,paypal
2127,joseph
2128,song
2129,rise
2130,embed
2131,mountain
2132,victim
2133,throughout
2134,frequent
2135,visitor
2136,bless
2137,chart
2138,null
2139,hash
2140,regardless
2141,yellow
2142,heavi
2143,ben
2144,column
2145,hint
2146,yield
2147,brother
2148,na
2149,formal
2150,po
2151,bu
2152,jar
2153,sheet
2154,town
2155,drink
2156,amateur
2157,labor
2158,pure
2159,bay
2160,freebsd
2161,aim
2162,limbo
2163,consequ
2164,classic
2165,chip
2166,logic
2167,mess
2168,trace
2169,branch
2170,incompat
2171,remind
2172,pro
2173,dog
2174,pars
2175,ladi
2176,spamtrap
2177,syntax
2178,est
2179,export
2180,violenc
2181,il
2182,exhibit
2183,assign
2184,satisfact
2185,adapt
2186,focus
2187,imho
2188,smoker
2189,que
2190,coast
2191,exceed
2192,felt
2193,privileg
2194,negoti
2195,joke
2196,crap
2197,worker
2198,opposit
2199,gambl
2200,decemb
2201,prize
2202,spirit
2203,topic
2204,batch
2205,stage
2206,vice
2207,tremend
2208,cheaper
2209,incorpor
2210,circumst
2211,byte
2212,pa
2213,pursu
2214,lib
2215,stamp
2216,complic
2217,appoint
2218,battl
2219,fan
2220,specialist
2221,jodi
2222,ui
2223,okay
2224,caught
2225,intel
2226,loos
2227,florida
2228,admit
2229,dublin
2230,lover
2231,alert
2232,bet
2233,sophist
2234,compress
2235,gather
2236,liberti
2237,goto
2238,truck
2239,older
2240,affair
2241,riaa
2242,compel
2243,keyword
2244,strengthen
2245,trivial
2246,entitl
2247,sur
2248,alan
2249,struggl
2250,boundari
2251,airlin
2252,moder
2253,unwant
2254,unknown
2255,chairman
2256,kit
2257,ideal
2258,airport
2259,ved
2260,muslim
2261,album
2262,disclosur
2263,owe
2264,ahead
2265,britain
2266,sector
2267,ownership
2268,wear
2269,hole
2270,transmiss
2271,penni
2272,australia
2273,surfac
2274,pioneer
2275,margin
2276,trend
2277,belief
2278,mastercard
2279,overal
2280,jack
2281,dice
2282,assumpt
2283,palestinian
2284,stephen
2285,msn
2286,stress
2287,marri
2288,dump
2289,tin
2290,mplayer
2291,encod
2292,raw
2293,lay
2294,wa
2295,timeout
2296,ice
2297,outlook
2298,adjust
2299,relay
2300,scott
2301,maximum
2302,weak
2303,refus
2304,suffici
2305,weather
2306,pickl
2307,reform
2308,majesti
2309,maker
2310,portabl
2311,captur
2312,influenc
2313,chain
2314,ne
2315,egg
2316,curv
2317,schuman
2318,propag
2319,finger
2320,hawaii
2321,magic
2322,sentenc
2323,wealthi
2324,debug
2325,bone
2326,whatsoev
2327,catalog
2328,trademark
2329,mandat
2330,weird
2331,spring
2332,explan
2333,frustrat
2334,patrick
2335,shout
2336,holiday
2337,silli
2338,session
2339,vision
2340,heck
2341,admin
2342,submiss
2343,crack
2344,retain
2345,lilo
2346,ou
2347,astronom
2348,dinosaur
2349,endeavor
2350,depress
2351,outstand
2352,minist
2353,virginia
2354,buri
2355,ar
2356,bomb
2357,scratch
2358,ethic
2359,francisco
2360,circl
2361,mysql
2362,ram
2363,fli
2364,inexpens
2365,speaker
2366,besid
2367,unusu
2368,hospit
2369,movement
2370,api
2371,spambay
2372,gpg
2373,latter
2374,rapidli
2375,tower
2376,settl
2377,belong
2378,randomli
2379,intellectu
2380,hacker
2381,corner
2382,rah
2383,casino
2384,ce
2385,theme
2386,prob
2387,snore
2388,pentium
2389,ir
2390,iroijlaplap
2391,hide
2392,jeremi
2393,tivo
2394,germani
2395,igtt
2396,plane
2397,twenti
2398,proceed
2399,openssl
2400,ez
2401,expos
2402,recognit
2403,fuel
2404,organis
2405,greatest
2406,preced
2407,celebr
2408,xxx
2409,ton
2410,formul
2411,joint
2412,constant
2413,abandon
2414,intent
2415,du
2416,lean
2417,necessarili
2418,scholarship
2419,thirti
2420,openssh
2421,armi
2422,element
2423,draft
2424,recov
2425,maxim
2426,framework
2427,season
2428,german
2429,es
2430,fp
2431,greet
2432,tweak
2433,une
2434,marriag
2435,japan
2436,relax
2437,richard
2438,dr
2439,forum
2440,arg
2441,conclus
2442,harvest
2443,wild
2444,bsd
2445,jurisdict
2446,fashion
2447,subsequ
2448,scenario
2449,con
2450,commerc
2451,everywher
2452,boom
2453,anthoni
2454,mutual
2455,hook
2456,maxaman
2457,potent
2458,murjel
2459,tobacco
2460,burner
2461,telecommun
2462,zone
2463,advisor
2464,raid
2465,crazi
2466,trader
2467,shoot
2468,scope
2469,ratak
2470,asian
2471,elig
2472,ximian
2473,magnitud
2474,flight
2475,milter
2476,contest
2477,council
2478,freez
2479,pleasur
2480,bob
2481,rm
2482,layer
2483,capitalist
2484,quarter
2485,decreas
2486,dedic
2487,notifi
2488,render
2489,angel
2490,bond
2491,distributor
2492,till
2493,leas
2494,invalid
2495,pci
2496,palm
2497,occasion
2498,combat
2499,sky
